question,answer,source type,answer type,page,file,explanation
What types of enterprises are included in the Healthcare and Social Assistance sector in the United States?,"The Healthcare and Social Assistance sector includes hospitals, ambulatory service providers, nursing and residential care facilities, counselors, social workers, family and welfare services, and natural disaster and emergency relief services.",text,other,5,62 Healthcare and Social Assistance in the US Industry Report.pdf,Understanding the scope of the Healthcare and Social Assistance sector is crucial for market analysis and identifying potential opportunities or challenges.
How is telemedicine defined in the context of the Healthcare and Social Assistance industry?,Telemedicine is defined as an application of clinical medicine whereby medical information is transferred through interactive audiovisual media for the purpose of consulting and remote medical procedures or examinations.,text,other,5,62 Healthcare and Social Assistance in the US Industry Report.pdf,Identifying key technological trends like telemedicine is essential for understanding market dynamics and future growth areas in the healthcare industry.
What are Health Insurance Exchanges in the US healthcare system?,Health Insurance Exchanges are sets of state-regulated and standardized healthcare plans from which individuals may purchase health insurance eligible for federal subsidies.,text,other,5,62 Healthcare and Social Assistance in the US Industry Report.pdf,Understanding the structure of health insurance exchanges is important for analyzing market access and regulatory influences in the healthcare sector.
What services are included in the Healthcare and Social Assistance industry in the US?,"The Healthcare and Social Assistance industry in the US includes ambulatory healthcare services, hospitals, nursing homes and residential care facilities, and social assistance.",text,other,6,62 Healthcare and Social Assistance in the US Industry Report.pdf,Understanding the scope of services in the industry is crucial for market sizing and identifying potential growth areas.
Who are some of the major companies operating in the Healthcare and Social Assistance industry in the US?,"Major companies in the industry include Hca Healthcare, Inc., Quest Diagnostics Inc., Feeding America, Brookdale Senior Living Inc., and Fresenius Kabi AG.",text,other,6,62 Healthcare and Social Assistance in the US Industry Report.pdf,Identifying key players helps in understanding market structure and competitive dynamics.
What are the complementary industries to Healthcare and Social Assistance in the US?,"Complementary industries include Wholesale Trade in the US, Information in the US, and Educational Services in the US.",text,other,6,62 Healthcare and Social Assistance in the US Industry Report.pdf,Understanding complementary industries provides insights into potential partnerships and indirect competition.
What are some related international industries to Healthcare and Social Assistance in the US?,"Related international industries include Global Life & Health Insurance Carriers, Hospitals in Canada, and Hospitals in Mexico.",text,other,6,62 Healthcare and Social Assistance in the US Industry Report.pdf,Awareness of related international industries helps in understanding global trends and potential expansion opportunities.
What is the projected revenue growth rate for the US Healthcare and Social Assistance industry from 2024 to 2029?,The projected revenue growth rate for the US Healthcare and Social Assistance industry from 2024 to 2029 is 2.7%.,table,numeric,9,62 Healthcare and Social Assistance in the US Industry Report.pdf,Understanding revenue trends is crucial for assessing the industry's growth and market potential.
"How many employees are there in the US Healthcare and Social Assistance industry, and what is the projected growth rate?","There are 24m employees in the US Healthcare and Social Assistance industry, with a projected growth rate of 2.3% from 2024 to 2029.",table,numeric,9,62 Healthcare and Social Assistance in the US Industry Report.pdf,Employment trends are key indicators of industry expansion and labor market dynamics.
What is the profit and profit margin for the US Healthcare and Social Assistance industry?,"The profit for the US Healthcare and Social Assistance industry is $355.5bn, with a profit margin of 10.0%.",table,numeric,9,62 Healthcare and Social Assistance in the US Industry Report.pdf,Profitability is a critical metric for assessing the financial health of the industry.
What are the primary challenges facing healthcare and social assistance providers in the US?,"The primary challenges include unprecedented challenges created by COVID-19, staffing shortages, rising costs, and the need to cater to the expanding and complex medical needs of older adults.",text,other,9,62 Healthcare and Social Assistance in the US Industry Report.pdf,Understanding key challenges helps in assessing risks and opportunities in the industry.
How is the regulatory environment characterized for the US Healthcare and Social Assistance industry?,"The industry operates within one of the most regulated environments, with a dizzying amount of federal, state, and local laws enforced by multiple agencies and regulators.",text,other,9,62 Healthcare and Social Assistance in the US Industry Report.pdf,Regulatory environment significantly impacts industry operations and costs.
What is the largest revenue segment in the US Healthcare and Social Assistance industry for 2024?,"The largest revenue segment is Hospitals, accounting for 41.7% of the industry revenue.",plot,numeric,10,62 Healthcare and Social Assistance in the US Industry Report.pdf,Understanding the largest revenue segment is crucial for identifying market leaders and investment opportunities.
How does the revenue of ambulatory healthcare services compare to hospitals in the US Healthcare and Social Assistance industry?,"Ambulatory healthcare services account for 40.7% of industry revenue, slightly less than hospitals at 41.7%.",plot,numeric,10,62 Healthcare and Social Assistance in the US Industry Report.pdf,Comparing segment sizes helps in assessing market dynamics and potential growth areas.
What is the smallest revenue segment in the US Healthcare and Social Assistance industry for 2024?,"The smallest revenue segment is Social assistance, accounting for 8.3% of the industry revenue.",plot,numeric,10,62 Healthcare and Social Assistance in the US Industry Report.pdf,Identifying smaller segments is important for recognizing niche markets and potential expansion opportunities.
What is the market share of the largest player in the US Healthcare and Social Assistance industry?,"The largest player, Hca Healthcare, Inc., holds a 1.5% market share.",plot,numeric,11,62 Healthcare and Social Assistance in the US Industry Report.pdf,Understanding market share distribution is crucial for assessing competitive landscape and identifying industry leaders.
Who are the top 4 companies in the US Healthcare and Social Assistance industry by market share?,"The top 4 companies are Hca Healthcare, Inc. (1.5%), Quest Diagnostics Inc. (0.3%), Feeding America (0.1%), and Brookdale Senior Living Inc. (0.1%).",plot,other,11,62 Healthcare and Social Assistance in the US Industry Report.pdf,Identifying major companies helps in analyzing key competitors and their relative positions in the market.
What percentage of the US Healthcare and Social Assistance market is controlled by companies other than the top 4 listed?,98.0% of the market is controlled by other companies not specifically listed in the top 4.,plot,numeric,11,62 Healthcare and Social Assistance in the US Industry Report.pdf,Understanding market concentration provides insights into industry structure and potential for new entrants or consolidation.
What are the key external drivers positively impacting the Healthcare and Social Assistance industry in the US?,"The key external drivers positively impacting the industry are: number of people with private health insurance, federal funding for Medicare and Medicaid, total health expenditure, and number of adults aged 65 and older.",table,other,12,62 Healthcare and Social Assistance in the US Industry Report.pdf,Understanding key drivers helps analysts assess market growth potential and risks.
How concentrated is the Healthcare and Social Assistance industry in the US?,The concentration level of the Healthcare and Social Assistance industry in the US is Low.,table,other,12,62 Healthcare and Social Assistance in the US Industry Report.pdf,Industry structure analysis is crucial for understanding competitive dynamics and market entry potential.
What are the barriers to entry and regulatory environment like in the US Healthcare and Social Assistance industry?,"Both barriers to entry and regulation/policy are High in the Healthcare and Social Assistance industry, with a Steady trend.",table,other,12,62 Healthcare and Social Assistance in the US Industry Report.pdf,Barriers to entry influence market competitiveness and potential for new players.
What is the life cycle stage of the Healthcare and Social Assistance industry in the US?,The life cycle of the Healthcare and Social Assistance industry is in the Growth stage.,table,other,12,62 Healthcare and Social Assistance in the US Industry Report.pdf,Understanding the industry life cycle stage helps forecast future growth and investment potential.
How does the Healthcare and Social Assistance industry in the US rate in terms of innovation?,The innovation level in the Healthcare and Social Assistance industry is High.,table,other,12,62 Healthcare and Social Assistance in the US Industry Report.pdf,Innovation levels indicate potential for disruption and new market opportunities.
What is the projected revenue growth rate for the Healthcare and Social Assistance sector in the US for the coming years?,The sector revenue will grow at a CAGR of 2.7% to an estimated $4.1 trillion in the coming years.,text,numeric,13,62 Healthcare and Social Assistance in the US Industry Report.pdf,Understanding revenue growth is crucial for assessing market opportunities and industry health.
What are the major challenges facing the Healthcare and Social Assistance industry in the US?,"Major challenges include persistent labor shortages, staff burnout, high turnover rates, wage inflation, and difficulty in attracting and retaining employees.",text,other,13,62 Healthcare and Social Assistance in the US Industry Report.pdf,Identifying key industry challenges helps in understanding market dynamics and potential areas for innovation.
What are the primary drivers of rising healthcare spending in the US?,"Demographic and economic factors are the driving forces behind rising healthcare spending, including expanding medical needs of the oldest demographic and growing incomes facilitating access to healthcare providers.",text,other,13,62 Healthcare and Social Assistance in the US Industry Report.pdf,Understanding growth drivers is essential for forecasting future market trends and opportunities.
What are some key trends expected to shape the future of the Healthcare and Social Assistance industry in the US?,"Key trends include consolidation activity with smaller providers joining larger health groups, increased use of digital tools and telehealth to lower costs and increase capacity, and a focus on enabling access to patients in underserved areas.",text,other,13,62 Healthcare and Social Assistance in the US Industry Report.pdf,Identifying future trends helps in strategic planning and understanding the direction of the industry.
What are the main performance indicators tracked for industry analysis?,"The main performance indicators tracked are revenue, profit, and other performance indicators that make or break an industry.",text,other,14,62 Healthcare and Social Assistance in the US Industry Report.pdf,Understanding key performance indicators is crucial for assessing the overall health and trends of an industry.
What is the projected revenue growth rate for the US Healthcare and Social Assistance industry from 2024 to 2029?,The projected revenue growth rate (CAGR) for the US Healthcare and Social Assistance industry from 2024 to 2029 is 2.7%.,table,numeric,15,62 Healthcare and Social Assistance in the US Industry Report.pdf,Understanding revenue growth is crucial for assessing the industry's financial health and market potential.
"How many employees are expected to work in the US Healthcare and Social Assistance industry, and what is the projected employment growth rate for 2024-2029?","The industry is expected to employ 24 million people, with a projected employment growth rate (CAGR) of 2.3% for 2024-2029.",table,numeric,15,62 Healthcare and Social Assistance in the US Industry Report.pdf,Employment trends are key indicators of industry expansion and demand for services.
What is the profit and profit margin for the US Healthcare and Social Assistance industry?,"The profit for the industry is $355.5bn, with a profit margin of 10.0%.",table,numeric,15,62 Healthcare and Social Assistance in the US Industry Report.pdf,Profitability is a critical measure of the industry's financial performance and attractiveness to investors.
What are the main challenges facing healthcare and social assistance providers in the US?,COVID-19 created unprecedented challenges for healthcare and social assistance providers. Staffing shortages and rising costs continue to impact providers and businesses.,text,other,15,62 Healthcare and Social Assistance in the US Industry Report.pdf,Understanding major challenges helps in assessing risks and opportunities in the industry.
How is the aging population expected to impact the US Healthcare and Social Assistance industry?,"Healthcare and social assistance providers are vital to older adults. As these people continue to age, their expanding and complex medical needs will require various health and social services.",text,other,15,62 Healthcare and Social Assistance in the US Industry Report.pdf,Demographic trends significantly influence demand for healthcare and social assistance services.
What is the projected revenue CAGR for the US Healthcare and Social Assistance industry from 2019 to 2024?,The projected revenue CAGR for the US Healthcare and Social Assistance industry from 2019 to 2024 is +0.7%.,text,numeric,16,62 Healthcare and Social Assistance in the US Industry Report.pdf,Understanding revenue growth trends is crucial for assessing the industry's overall health and future prospects.
What is the forecasted annual revenue for the US Healthcare and Social Assistance industry in 2024?,The forecasted annual revenue for the US Healthcare and Social Assistance industry in 2024 is $3554.9 billion.,plot,numeric,16,62 Healthcare and Social Assistance in the US Industry Report.pdf,Future revenue projections are essential for market sizing and forecasting industry growth.
How is the revenue volatility characterized for the US Healthcare and Social Assistance industry?,The revenue volatility for the US Healthcare and Social Assistance industry is characterized as Moderate.,text,other,16,62 Healthcare and Social Assistance in the US Industry Report.pdf,Understanding revenue volatility helps assess market stability and risk factors in the industry.
What is the projected revenue CAGR for the US Healthcare and Social Assistance industry from 2024 to 2029?,The projected revenue CAGR for the US Healthcare and Social Assistance industry from 2024 to 2029 is 2.7%.,text,numeric,16,62 Healthcare and Social Assistance in the US Industry Report.pdf,Long-term growth projections are vital for strategic planning and investment decisions in the industry.
What is the projected number of employees in the US Healthcare and Social Assistance industry for 2024?,The projected number of employees in the US Healthcare and Social Assistance industry for 2024 is 23929599.,plot,numeric,17,62 Healthcare and Social Assistance in the US Industry Report.pdf,Understanding employment trends is crucial for assessing the industry's growth and labor market dynamics.
What is the revenue per employee in the US Healthcare and Social Assistance industry?,The revenue per employee in the US Healthcare and Social Assistance industry is $149k.,text,numeric,17,62 Healthcare and Social Assistance in the US Industry Report.pdf,Employee productivity is a key metric for evaluating industry efficiency and profitability.
What is the Compound Annual Growth Rate (CAGR) for employees in the US Healthcare and Social Assistance industry from 2019 to 2024?,The Compound Annual Growth Rate (CAGR) for employees in the US Healthcare and Social Assistance industry from 2019 to 2024 is +0.9%.,text,numeric,17,62 Healthcare and Social Assistance in the US Industry Report.pdf,Long-term growth trends provide insights into the industry's expansion and future outlook.
What is the projected business growth rate (CAGR) for the Healthcare and Social Assistance industry in the US from 2019 to 2024?,The projected business CAGR for the Healthcare and Social Assistance industry in the US from 2019 to 2024 is 1.2%.,text,numeric,18,62 Healthcare and Social Assistance in the US Industry Report.pdf,Understanding industry growth rate is crucial for assessing market potential and forecasting future trends.
How many businesses are expected to be operating in the US Healthcare and Social Assistance industry by 2024?,"By 2024, the US Healthcare and Social Assistance industry is expected to have 2895235 businesses.",plot,numeric,18,62 Healthcare and Social Assistance in the US Industry Report.pdf,The number of businesses in an industry is a key indicator of market size and competitiveness.
What is the average revenue per business in the US Healthcare and Social Assistance industry?,The average revenue per business in the US Healthcare and Social Assistance industry is $1.2m.,text,numeric,18,62 Healthcare and Social Assistance in the US Industry Report.pdf,Average revenue per business helps in understanding the industry's economic scale and potential profitability.
What is the average number of employees per business in the US Healthcare and Social Assistance industry?,The average number of employees per business in the US Healthcare and Social Assistance industry is 8.,text,numeric,18,62 Healthcare and Social Assistance in the US Industry Report.pdf,Employment trends are critical for assessing labor market conditions and operational scale in the industry.
What is the total profit for the Healthcare and Social Assistance industry in the US?,The total profit for the Healthcare and Social Assistance industry in the US is $355.5bn.,text,numeric,19,62 Healthcare and Social Assistance in the US Industry Report.pdf,Understanding the overall profitability of the Healthcare and Social Assistance industry is crucial for market analysis and investment decisions.
What is the profit margin for the Healthcare and Social Assistance industry in the US for 2024?,The profit margin for the Healthcare and Social Assistance industry in the US for 2024 is 10%.,plot,numeric,19,62 Healthcare and Social Assistance in the US Industry Report.pdf,"Profit margin is a key indicator of the industry's financial health and efficiency, essential for comparative analysis."
What is the projected change in profit margin for the Healthcare and Social Assistance industry in the US from 2023 to 2024?,The projected change in profit margin for the Healthcare and Social Assistance industry in the US from 2023 to 2024 is -0.1pp (percentage points).,plot,numeric,19,62 Healthcare and Social Assistance in the US Industry Report.pdf,Understanding profit trends helps analysts forecast future industry performance and identify potential challenges or opportunities.
What is the average profit per business in the Healthcare and Social Assistance industry in the US?,The average profit per business in the Healthcare and Social Assistance industry in the US is $122.8k.,text,numeric,19,62 Healthcare and Social Assistance in the US Industry Report.pdf,Average profit per business is an important metric for understanding the industry's structure and the typical performance of individual entities within it.
What are the primary demographic trends shaping the healthcare landscape in the US?,"The older population's expanding medical needs as they age are the primary force behind higher healthcare spending. The older demographic is linked explicitly to robust growth in areas like Elderly and Disabled Person Services, Nursing Care Facilities, and Assisted Living Facilities.",text,other,20,62 Healthcare and Social Assistance in the US Industry Report.pdf,Understanding demographic trends is crucial for forecasting future healthcare demand and market opportunities.
How are workforce shortages affecting the healthcare industry in the US?,"COVID-19 exacerbated existing labor shortages. In 2024, healthcare facilities are struggling to attract and retain employees from a smaller employee pool as burnt-out healthcare staff quit, retire or jump to higher-paying positions. Nursing shortages have been straining healthcare providers the most, with over 100,000 registered nurses leaving the workforce between 2021 and 2023.",text,other,20,62 Healthcare and Social Assistance in the US Industry Report.pdf,Workforce shortages significantly impact healthcare providers' operations and financial performance.
What consolidation trends are occurring in the US healthcare industry?,"Larger health systems are eyeing acquisitions to create economies of scale, lower costs and gain negotiating power. The pandemic accelerated the rising consolidation activity that had been occurring in recent years. Independent (often small or rural) practices risking service eliminations or closure have been targets of acquisitions.",text,other,20,62 Healthcare and Social Assistance in the US Industry Report.pdf,Understanding consolidation trends is essential for assessing market competition and industry structure.
How has telemedicine adoption in healthcare changed from 2020 to 2024?,"The adoption of telemedicine has fallen from its pandemic high in 2020 but is still more integral to healthcare delivery in 2024 than pre-COVID, especially for providers offering mental health treatment.",text,other,21,62 Healthcare and Social Assistance in the US Industry Report.pdf,Understanding the current state of telemedicine adoption is crucial for assessing market opportunities and challenges in healthcare delivery.
What digital tools are healthcare providers adopting to streamline operations and reduce costs?,"Healthcare providers are adopting digital tools such as AI, patient engagement products, and data analytics to streamline operations and produce cost savings.",text,other,21,62 Healthcare and Social Assistance in the US Industry Report.pdf,Identifying key digital tools being adopted by healthcare providers is essential for understanding industry trends and potential investment areas.
How are social assistance providers responding to the end of pandemic-era benefits?,"Social assistance providers are filling in the gaps as pandemic-era benefits end, helping with housing, food assistance, and child care as millions turn to them for support.",text,other,21,62 Healthcare and Social Assistance in the US Industry Report.pdf,Understanding the impact of ending pandemic-era benefits on social assistance providers is crucial for assessing market dynamics in the social assistance sector.
What challenges is the Day Care industry facing in 2024?,"The Day Care industry is struggling to recover from the pandemic, facing excess demand, staffing issues, tight margins, and steep fees. The end of funding in late 2023 has exacerbated these challenges.",text,other,21,62 Healthcare and Social Assistance in the US Industry Report.pdf,Analyzing challenges in the Day Care industry provides insights into market conditions and potential opportunities in this sector.
What are the key factors influencing volatility in the US healthcare and social assistance industry?,"Key factors include changes in reimbursements from public and private insurance programs, pricing pressures from public and private payors, regulatory changes, labor shortages, inflation, rising expenses, and external events like the COVID-19 pandemic that can impact illness rates and healthcare consumption.",text,other,22,62 Healthcare and Social Assistance in the US Industry Report.pdf,Understanding the factors influencing industry volatility is crucial for assessing market risks and opportunities in the healthcare sector.
How has the COVID-19 pandemic affected the US healthcare and social assistance sector?,"The COVID-19 pandemic created unprecedented financial, workforce, and supply chain challenges for the sector. It strained healthcare facilities as non-COVID patient levels dropped during the pandemic. Although patient volumes have recovered, providers face ongoing instability related to regulatory changes, labor shortages, inflation, and rising expenses.",text,other,22,62 Healthcare and Social Assistance in the US Industry Report.pdf,Assessing the impact of COVID-19 on the healthcare industry is essential for understanding current market conditions and future trends.
What factors influence the financial health of healthcare facilities in the US?,"The financial health of healthcare facilities relies heavily on reimbursements from public and private insurance programs. Changes in these reimbursements, determined by various competing factors, can occur annually and produce significant consequences for healthcare and social assistance facilities. Additionally, pricing pressures from public and private payors can cause volatility in the sector.",text,other,22,62 Healthcare and Social Assistance in the US Industry Report.pdf,Understanding the financial dynamics of healthcare facilities is crucial for evaluating the sector's economic stability and growth potential.
How is the Healthcare and Social Assistance industry in the US characterized in terms of volatility and revenue growth?,"The Healthcare and Social Assistance industry in the US is characterized as 'Low & slow', with low volatility and revenue growth below GDP growth.",plot,other,23,62 Healthcare and Social Assistance in the US Industry Report.pdf,Understanding industry volatility and growth is crucial for assessing market stability and potential.
What is a key factor for businesses to overcome volatility in the Healthcare and Social Assistance industry?,"The ability to take advantage of government subsidies and other grants, particularly Medicare and Medicaid reimbursement programs, is a key factor for overcoming volatility.",text,other,23,62 Healthcare and Social Assistance in the US Industry Report.pdf,"Government funding plays a significant role in the healthcare industry, impacting business strategies and financial stability."
What type of workforce is essential in the Healthcare and Social Assistance industry?,"A multiskilled workforce is essential, including physicians, specialists, nurses, and nonclinical workers. The industry is labor-intensive, requiring a diverse range of capable personnel to meet patient demand.",text,other,23,62 Healthcare and Social Assistance in the US Industry Report.pdf,Workforce characteristics are critical for understanding operational challenges and costs in the healthcare sector.
What is the projected revenue CAGR for the US Healthcare and Social Assistance industry from 2024 to 2029?,The projected revenue CAGR for the US Healthcare and Social Assistance industry from 2024 to 2029 is +2.7%.,text,numeric,25,62 Healthcare and Social Assistance in the US Industry Report.pdf,Understanding revenue growth is crucial for assessing market potential and industry health.
What are the primary demographic trends driving the healthcare spending in the US?,"Demographic trends behind rising healthcare spending include an aging population, with healthcare and social assistance providers increasingly vital in meeting the complex medical and social needs of people of advanced age.",text,other,25,62 Healthcare and Social Assistance in the US Industry Report.pdf,Identifying key drivers of industry growth helps analysts understand market dynamics and forecast trends.
What are the major long-term effects of the COVID-19 pandemic on the US healthcare and social assistance sector?,"Long-term effects include exacerbated staffing shortages, labor challenges, increased costs for medical supplies and pharmaceuticals, shifts in healthcare delivery towards ambulatory and urgent care centers, and ongoing mental health impacts requiring continued attention from mental health and substance abuse centers.",text,other,25,62 Healthcare and Social Assistance in the US Industry Report.pdf,Understanding long-term effects of major events like pandemics is critical for predicting future industry challenges and opportunities.
How are technological advancements expected to reshape healthcare delivery in the US?,"Tech advances can transform every aspect of healthcare and social assistance delivery, with providers hastening adoption of digital tools. However, challenges include navigating tech investments, evolving regulations, cybersecurity, and higher capital costs. Telemedicine's utilization will depend on regulatory environment, with Medicare's telehealth policies playing a crucial role.",text,other,25,62 Healthcare and Social Assistance in the US Industry Report.pdf,"Technological advancements significantly impact industry operations and future growth, making it a key area for market research."
What technological advancements are expected to impact the healthcare and social assistance industry in the US?,"Many healthcare and social assistance entities will adopt digital and telehealth tools to bridge the gap between urban and rural communities regarding healthcare access. Tech advances for people of advanced age, like home health tools and remote monitoring equipment, will become paramount. Cloud infrastructure will play a massive role in providing care for the aging population.",text,other,26,62 Healthcare and Social Assistance in the US Industry Report.pdf,Understanding technological trends is crucial for assessing future industry directions and investment opportunities.
How is consolidation activity expected to evolve in the US healthcare sector?,"The consolidation activity that defines the health sector will continue despite an economic environment of higher interest rates. Mounting healthcare costs and reimbursement cuts will incentivize smaller, independent healthcare providers to join larger health groups.",text,other,26,62 Healthcare and Social Assistance in the US Industry Report.pdf,Consolidation trends significantly affect market structure and competitive dynamics in the healthcare industry.
What areas of the US healthcare industry are attracting private equity investment?,"Private equity (PE) investment will be present in healthcare, with significant growth opportunities in areas ranging from physical therapy and mental health to nursing and residential care attracting PE investment.",text,other,26,62 Healthcare and Social Assistance in the US Industry Report.pdf,Private equity investment trends indicate growth areas and potential shifts in industry ownership structures.
What are the key factors driving growth in the US healthcare and social assistance industry?,"The industry's growth is driven by its vital role in addressing an aging population's complex needs, exceeding the overall US economic growth.",text,other,28,62 Healthcare and Social Assistance in the US Industry Report.pdf,Understanding the growth drivers of the healthcare and social assistance industry is crucial for market sizing and forecasting.
How does market saturation vary between urban and rural areas in the US healthcare and social assistance industry?,"Market saturation is high in metropolitan areas, while rural communities face critical shortages of healthcare providers, jeopardizing access.",text,other,28,62 Healthcare and Social Assistance in the US Industry Report.pdf,Market saturation insights are essential for identifying expansion opportunities and potential challenges in different geographic areas.
What are the major areas of innovation in the US healthcare and social assistance industry?,"Major areas of innovation include medical devices, AI, diagnostics, and cloud-based technologies, which are spurring change faster than ever.",text,other,28,62 Healthcare and Social Assistance in the US Industry Report.pdf,Understanding key innovation areas helps in assessing future industry trends and potential investment opportunities.
What is driving consolidation in the US healthcare and social assistance industry?,"Rising costs are pressuring the standard delivery of healthcare to evolve, leading to a significant increase in merger and acquisition activity.",text,other,28,62 Healthcare and Social Assistance in the US Industry Report.pdf,Consolidation trends are important for understanding competitive dynamics and potential market restructuring.
How is technology expected to impact employment and costs in the US healthcare and social assistance industry?,"No new technology is expected to entirely substitute employees, but rapid advancements in medical and communication technologies will slightly raise capital costs.",text,other,28,62 Healthcare and Social Assistance in the US Industry Report.pdf,Technology's impact on labor and capital costs is crucial for understanding future industry economics and investment needs.
"What is the largest market segment in the US Healthcare and Social Assistance industry, and what is its value?","Hospitals are the largest market segment, valued at $1.5tr.",text,numeric,30,62 Healthcare and Social Assistance in the US Industry Report.pdf,Understanding market size and dominant segments is crucial for assessing industry structure and potential opportunities.
Who are the top payers to healthcare and social assistance entities in the US?,Private insurers are the top payer to healthcare and social assistance entities. Providers of these services rely on private insurance reimbursements more than any other revenue source.,text,other,30,62 Healthcare and Social Assistance in the US Industry Report.pdf,Identifying key revenue sources helps in understanding industry dynamics and stakeholder relationships.
What is the level of product innovation in the US Healthcare and Social Assistance industry?,The level of product innovation is High.,text,other,30,62 Healthcare and Social Assistance in the US Industry Report.pdf,Analyzing product innovation levels is essential for gauging competitiveness and growth potential in the industry.
How is the revenue distributed among different segments of the US Healthcare and Social Assistance industry in 2024?,"In 2024, Hospitals account for 41.7% of revenue, Ambulatory healthcare services for 40.7%, Nursing homes and residential facilities for 9.3%, and Social assistance for 8.3%.",plot,numeric,30,62 Healthcare and Social Assistance in the US Industry Report.pdf,Understanding revenue distribution across different segments is crucial for market sizing and identifying growth areas.
How did the COVID-19 pandemic affect hospital patient volumes and financial stability?,"The COVID-19 pandemic caused a drop in elective procedures and patient volumes, initially hitting hospitals hard financially. However, federal policies and billions in funding helped alleviate the initial financial impact from revenue losses due to delays in elective care and drops in ER visits.",text,other,31,62 Healthcare and Social Assistance in the US Industry Report.pdf,Understanding the impact of the COVID-19 pandemic on hospital operations is crucial for assessing the current state and future trends of the healthcare industry.
What are the main challenges currently facing hospitals in the US healthcare system?,"Hospitals are facing rapidly escalating costs for medical consumables, equipment, and pharmaceuticals, along with staffing shortages and employee burnout. These factors are combining to create instability in the sector.",text,other,31,62 Healthcare and Social Assistance in the US Industry Report.pdf,Identifying key challenges facing hospitals is essential for understanding the overall health of the healthcare sector and potential areas for innovation or investment.
What trends are emerging in the transition from inpatient to outpatient care?,"Financial pressures have accelerated hospitals' shift away from inpatient care. The popularity of telemedicine, an uptick in ambulatory surgery centers (ASCs), and new medical technologies are facilitating the transition to outpatient care.",text,other,31,62 Healthcare and Social Assistance in the US Industry Report.pdf,Understanding shifts in care delivery models is crucial for predicting future industry trends and potential investment opportunities.
What consolidation trends are occurring in the ambulatory healthcare services subsector?,"Consolidation activity is occurring across the ambulatory healthcare subsector. The COVID-19 pandemic accelerated this trend, with rapidly growing demand and continual staffing shortages incentivizing small providers to merge with larger health groups. Primary care and dental practices are also demonstrating consolidation activity.",text,other,31,62 Healthcare and Social Assistance in the US Industry Report.pdf,Consolidation trends can significantly impact market dynamics and competitive landscape in the healthcare industry.
What are the key staffing challenges facing residential care facilities in the US healthcare industry?,"Persistent staffing shortages limit new resident intake, facilities have raised wages to attract staff, but employees are leaving for higher-paid, lower-stress positions due to COVID-19 burnout.",text,other,32,62 Healthcare and Social Assistance in the US Industry Report.pdf,Understanding staffing challenges is crucial for assessing industry growth potential and operational risks.
What federal initiative has been proposed to address staffing and quality issues in nursing homes?,The Centers for Medicare and Medicaid Services (CMS) has proposed a federal staffing standard for nursing homes and announced $75.0 million in scholarships and tuition reimbursement for nursing students who agree to work in nursing homes.,text,numeric,32,62 Healthcare and Social Assistance in the US Industry Report.pdf,Government initiatives can significantly impact industry operations and financial outcomes.
How has COVID-19 affected social assistance providers in the US?,"COVID-19 led to billions in federal funding from relief acts, causing the sector's share to rise. However, subsequent funding cuts affected providers' ability to meet demand. Daycare services saw a quick drop in 2020 followed by excess demand in 2021, with closures leading to price hikes.",text,other,32,62 Healthcare and Social Assistance in the US Industry Report.pdf,Understanding the impact of COVID-19 on social assistance providers is essential for analyzing market trends and future demand.
What are some key technological innovations in the US Healthcare and Social Assistance industry?,"Artificial intelligence (AI) is being applied across healthcare and social assistance, with systems emerging to identify high-risk patients, predict heart attacks, forecast chronic kidney disease, and protect patient data. Digital health tools, including telehealth, wearable technologies, and digital therapeutics, are transforming healthcare delivery.",text,other,32,62 Healthcare and Social Assistance in the US Industry Report.pdf,Technological innovations are reshaping the industry and can provide competitive advantages.
What is digital therapeutics and how is it used in healthcare?,Digital therapeutics refers to software and devices that use AI and machine learning to analyze patient data and provide therapeutic interventions for various diseases and disorders.,text,other,33,62 Healthcare and Social Assistance in the US Industry Report.pdf,Understanding emerging technologies in healthcare is crucial for market researchers to assess potential industry disruptions and growth opportunities.
What is identified as a key success factor for businesses in the US healthcare and social assistance industry?,Securing a multiskilled workforce is identified as a key success factor.,text,other,34,62 Healthcare and Social Assistance in the US Industry Report.pdf,Understanding key success factors is crucial for market analysis and strategic planning in the healthcare and social assistance industry.
What types of workers are required in healthcare and social assistance facilities according to the report?,"Healthcare and social assistance facilities require a staff of physicians, specialists, nurses and nonclinical workers.",text,other,34,62 Healthcare and Social Assistance in the US Industry Report.pdf,Workforce composition is critical for assessing operational requirements and labor market dynamics in the industry.
What is the largest payer in the US healthcare and social assistance industry based on revenue in 2024?,"Private health insurance is the largest payer, accounting for 30.4% of industry revenue in 2024.",plot,numeric,35,62 Healthcare and Social Assistance in the US Industry Report.pdf,Understanding the market share of different payers is crucial for assessing the healthcare industry landscape and potential revenue sources.
How did the COVID-19 pandemic affect private health insurance coverage in the US?,"The COVID-19 pandemic led to a spike in unemployment, causing a drop-off in private health coverage and reducing private insurance payments to providers. Although there was an uptick in 2021, the share of total private reimbursements remained below pre-COVID levels in 2023.",text,other,35,62 Healthcare and Social Assistance in the US Industry Report.pdf,The impact of economic events on healthcare coverage is vital for predicting industry trends and demand shifts.
How do Medicaid reimbursements compare to Medicare reimbursements in terms of their share of sector revenue?,Medicaid reimbursements make up a significantly larger share of sector revenue than Medicare reimbursements.,text,other,35,62 Healthcare and Social Assistance in the US Industry Report.pdf,Understanding the role of government payers is essential for assessing market dynamics and future growth potential in the healthcare sector.
How did the COVID-19 pandemic affect Medicare and Medicaid funding in the US healthcare system?,"Medicare and Medicaid funding increased following the onset of the COVID-19 pandemic, as extended enrollment periods absorbed private insurance losses. Higher Medicaid funding and enrollment continued throughout the pandemic, leading to larger shares of revenue for healthcare and social assistance facilities from Medicaid reimbursements.",text,other,36,62 Healthcare and Social Assistance in the US Industry Report.pdf,Understanding the impact of major events like COVID-19 on healthcare funding is crucial for market analysis.
Which segment of the US healthcare system is expected to experience the fastest growth in the near future?,"Medicare will experience the fastest growth moving forward, as this segment will have the highest enrollment growth as the over 65 population advances further in age.",text,other,36,62 Healthcare and Social Assistance in the US Industry Report.pdf,Identifying future growth areas in healthcare is essential for market forecasting and strategic planning.
What factors are contributing to out-of-pocket costs in the US healthcare system?,"Insurance limitations create out-of-pocket costs. Insurers don't cover all health services equally, and patients are responsible for portions of treatment not paid by insurance. Out-of-pocket payments include deductibles, copayments, and coinsurance. Rising incomes have allowed increased healthcare consumption, and out-of-pocket spending climbs alongside income.",text,other,36,62 Healthcare and Social Assistance in the US Industry Report.pdf,Understanding out-of-pocket costs is important for assessing consumer behavior and market dynamics in healthcare.
How did economic factors affect health spending in the US in 2023?,"Recessionary concerns and a higher cost of living led consumers to reevaluate their elective health spending in 2023, causing a slowdown in total health spending. Inflation, the resumption of student loan payments, and steadying patient volumes are expected to continue slowing out-of-pocket health spending in 2024.",text,other,36,62 Healthcare and Social Assistance in the US Industry Report.pdf,Analyzing recent trends in healthcare spending provides insights into market conditions and consumer behavior.
What are the various sources of revenue for the healthcare and social assistance sector in the US?,"Revenue sources include reimbursements from federal, state, and local programs like workers' compensation and maternal and child health programs; the Department of Defense; the Department of Veterans Affairs; charitable contributions; and miscellaneous private sources. Some facilities are nonprofits relying on community donations. Additionally, some providers receive federal assistance, such as SAMHSA grants for mental health and substance abuse clinics.",text,other,36,62 Healthcare and Social Assistance in the US Industry Report.pdf,Understanding the diverse revenue sources for healthcare and social assistance is crucial for comprehensive market analysis.
How does international trade impact the Healthcare and Social Assistance industry in the US?,"Some industries don't directly import or export goods. For international trade data on relevant products, reports at the manufacturing level should be consulted.",text,other,37,62 Healthcare and Social Assistance in the US Industry Report.pdf,Understanding the international trade dynamics of the Healthcare and Social Assistance industry is crucial for assessing market opportunities and potential challenges.
Which region in the US has the highest healthcare usage?,"The Southeast is the most populated region, warranting a greater need for healthcare providers to meet residents' medical needs.",text,other,39,62 Healthcare and Social Assistance in the US Industry Report.pdf,Understanding regional healthcare demand is crucial for market sizing and resource allocation in the healthcare industry.
Which state has the highest number of healthcare providers in the United States?,California has the most healthcare providers in the United States.,text,other,39,62 Healthcare and Social Assistance in the US Industry Report.pdf,Identifying the state with the most healthcare providers offers insights into market concentration and potential expansion opportunities.
Which state in the US allocates the most on personal healthcare spending nationally?,California allocates the most on personal healthcare spending nationally.,text,other,39,62 Healthcare and Social Assistance in the US Industry Report.pdf,Understanding spending patterns across states is vital for market strategy and resource allocation in the healthcare industry.
Which state has the highest percentage of healthcare and social assistance industry establishments in the US?,California has the highest percentage at 12.9% of total industry establishments.,table,numeric,40,62 Healthcare and Social Assistance in the US Industry Report.pdf,Understanding the geographic concentration of healthcare and social assistance establishments is crucial for market analysis and expansion strategies.
What are the top three states by percentage of healthcare and social assistance industry establishments?,"The top three states are California (12.9%), Texas (7.9%), and Florida (7.1%).",table,numeric,40,62 Healthcare and Social Assistance in the US Industry Report.pdf,Identifying key markets helps in resource allocation and market penetration strategies for healthcare and social assistance businesses.
How does the concentration of healthcare and social assistance establishments vary across different regions of the US?,"The map shows higher concentrations in coastal states and some southern states, with lower concentrations in the central and northern regions.",plot,other,40,62 Healthcare and Social Assistance in the US Industry Report.pdf,Analyzing regional distribution patterns is essential for understanding market dynamics and potential growth areas in the industry.
Which US state has the largest market size for healthcare and social assistance?,Pennsylvania has the largest market size with a value of 4.1.,table,numeric,41,62 Healthcare and Social Assistance in the US Industry Report.pdf,Understanding regional market sizes is crucial for identifying key markets and growth opportunities in the healthcare and social assistance industry.
Which states have the smallest market sizes for healthcare and social assistance?,"Nebraska and Idaho have the smallest market sizes, both with a value of 0.6.",table,numeric,41,62 Healthcare and Social Assistance in the US Industry Report.pdf,Identifying states with the smallest market sizes helps in understanding potential growth markets and areas that may need more investment.
How does the market size of healthcare and social assistance in California compare to other large states like Texas and Florida?,"The data for California, Texas, and Florida is not provided in this table, so a comparison cannot be made based on the given information.",table,other,41,62 Healthcare and Social Assistance in the US Industry Report.pdf,Comparing market sizes of different regions helps in understanding the distribution of healthcare and social assistance services across the country.
Which state has the highest value for healthcare and social assistance in the US according to the data?,New Mexico has the highest value at 0.6.,table,numeric,42,62 Healthcare and Social Assistance in the US Industry Report.pdf,Understanding regional differences in healthcare and social assistance is crucial for market analysis and resource allocation.
Which states have the lowest values for healthcare and social assistance in the US?,"District of Columbia, North Dakota, Vermont, and Wyoming all have the lowest value of 0.2.",table,other,42,62 Healthcare and Social Assistance in the US Industry Report.pdf,Identifying states with the lowest values helps in understanding market challenges and opportunities in different regions.
What is the range of values for healthcare and social assistance across the listed states?,The range is from 0.2 to 0.6.,table,numeric,42,62 Healthcare and Social Assistance in the US Industry Report.pdf,Recognizing the range of values across states is important for understanding market variability and potential growth areas.
Which region in the US has the highest healthcare utilization and concentration of healthcare businesses?,"The Southeast region has high healthcare utilization, with Florida having the largest number of establishments due to its population size and demographic makeup.",text,other,43,62 Healthcare and Social Assistance in the US Industry Report.pdf,Understanding regional distribution of healthcare businesses is crucial for market analysis and expansion strategies.
What demographic factor in Florida is driving higher healthcare utilization?,"Florida has the highest percentage of residents over 65 in the US, leading to higher rates of health services utilization and a greater need for a breadth of medical services.",text,other,43,62 Healthcare and Social Assistance in the US Industry Report.pdf,Identifying key drivers of healthcare demand helps predict market trends and opportunities.
Which state leads in healthcare spending in the US?,"California ranks first in healthcare spending, with California's personal healthcare spending being the highest in the US in 2020.",text,other,43,62 Healthcare and Social Assistance in the US Industry Report.pdf,Understanding regional variations in healthcare spending is essential for market sizing and investment decisions.
Which state has the most healthcare and social assistance establishments in the US?,California has the most healthcare and social assistance establishments in the US.,text,other,43,62 Healthcare and Social Assistance in the US Industry Report.pdf,Identifying states with high concentrations of healthcare establishments helps in understanding market saturation and potential.
Which region in the US has the largest spread of healthcare and social assistance businesses compared to its population?,The West has the largest spread of businesses compared to its population in the healthcare and social assistance industry in the US.,plot,other,44,62 Healthcare and Social Assistance in the US Industry Report.pdf,Understanding regional distribution of healthcare businesses compared to population is crucial for market analysis and expansion strategies.
What is identified as a key success factor for healthcare and social assistance businesses in terms of location?,The ability to attract local support is identified as a key success factor for healthcare and social assistance businesses in terms of location.,text,other,44,62 Healthcare and Social Assistance in the US Industry Report.pdf,Identifying key success factors helps businesses optimize their strategies in the healthcare and social assistance industry.
What are the crucial elements for referral networks in the healthcare and social assistance industry?,"Referral networks are crucial, with referrers including hospitals, physicians, insurers and the general public.",text,other,44,62 Healthcare and Social Assistance in the US Industry Report.pdf,Understanding the importance of referral networks is critical for market positioning and growth in the healthcare sector.
What is the projected market share concentration for the four largest companies in the US Healthcare and Social Assistance industry in 2024?,The projected market share of the four largest companies in the US Healthcare and Social Assistance industry in 2024 is 2%.,plot,numeric,46,62 Healthcare and Social Assistance in the US Industry Report.pdf,Understanding market concentration is crucial for assessing competitive dynamics and industry structure in healthcare and social assistance.
How is the US Healthcare and Social Assistance industry characterized in terms of provider structure?,"The US Healthcare and Social Assistance industry is characterized by fragmented care, with small and independent providers offering personalized care in local markets, and social assistance facilities providing community-focused services with limited geographic scope.",text,other,46,62 Healthcare and Social Assistance in the US Industry Report.pdf,Analyzing industry fragmentation provides insights into market opportunities and competitive landscape.
How does consolidation affect the Healthcare and Social Assistance sector in the US?,"Consolidation changes healthcare delivery, but small, local service providers still define the sector despite consolidation.",text,other,46,62 Healthcare and Social Assistance in the US Industry Report.pdf,Understanding the impact of consolidation on industry dynamics is essential for market research.
What are the key consolidation trends in the US healthcare sector?,"Consolidation across the health sector has been accelerating in recent years. Patients increasingly receive care from integrated health systems, an interconnected network of healthcare services and organizations. Private equity's involvement has led to a rise in mergers and acquisitions, consolidating healthcare entities.",text,other,47,62 Healthcare and Social Assistance in the US Industry Report.pdf,Understanding industry consolidation trends is crucial for assessing market structure and competitive dynamics.
What are the main regulatory barriers to entry in the US healthcare industry?,"Certificate of Need (CON) laws in 36 states require healthcare facilities to demonstrate public need before expansion or new services. These laws create barriers to entry and expansion. Additionally, regulatory bodies like FTC and CMS scrutinize mergers and acquisitions to prevent monopolistic practices.",text,other,47,62 Healthcare and Social Assistance in the US Industry Report.pdf,Regulatory barriers significantly impact market entry and expansion strategies in healthcare.
What is a key success factor for healthcare facilities in terms of location strategy?,Proximity to key markets is crucial. Healthcare and social assistance facilities should be geographically located in areas where the need is higher and they can be easily accessed by the public.,text,other,47,62 Healthcare and Social Assistance in the US Industry Report.pdf,Location strategy is critical for healthcare businesses to effectively serve their target markets.
How are the barriers to entry characterized in the US healthcare and social assistance industry?,"The barriers to entry are categorized as 'High' and 'Steady', indicating significant challenges for new entrants in the industry.",other,other,47,62 Healthcare and Social Assistance in the US Industry Report.pdf,Understanding entry barriers is essential for assessing market attractiveness and competitive landscape.
How do healthcare providers in competitive markets differentiate themselves?,"Healthcare providers in competitive markets differentiate themselves through patient outcomes, staff qualifications and accolades, quality of services, and availability of high-tech equipment.",text,other,48,62 Healthcare and Social Assistance in the US Industry Report.pdf,Understanding differentiation strategies is crucial for assessing competitive positioning and market opportunities in the healthcare industry.
What are the key labor challenges facing the Healthcare and Social Assistance industry in the US?,"The industry faces ongoing critical staffing shortages and rising wages, which jeopardize providers' ability to acquire and retain staff.",text,other,48,62 Healthcare and Social Assistance in the US Industry Report.pdf,"Labor issues significantly impact the industry's operations and financial performance, making this question vital for market analysis."
Are there any substitutes for Healthcare and Social Assistance services in the US?,"No other service can substitute for the Healthcare and Social Assistance sector. While some people may forgo healthcare unless critically necessary, most of the population receives medical care for reasons ranging from preventative care to major procedures.",text,other,48,62 Healthcare and Social Assistance in the US Industry Report.pdf,Understanding the substitutability of services is essential for assessing market demand and industry stability.
What are the key components of the supply chain for the Healthcare and Social Assistance industry in the US?,"The supply chain consists of suppliers (including medical device manufacturing, medical instrument & supply manufacturing, and brand name pharmaceutical manufacturing) and buyers (including primary care doctors, specialist doctors, hospitals, nursing care facilities, and ambulance services).",other,other,49,62 Healthcare and Social Assistance in the US Industry Report.pdf,Understanding the supply chain structure is crucial for analyzing industry dynamics and potential market opportunities.
How is buyer power characterized in the Healthcare and Social Assistance industry in the US?,"Buyer power is characterized as 'Contracts' and is rated as 'Moderate' to 'Steady'. Buyers include insurers and patients, with insurers having bargaining power over healthcare providers due to their ability to negotiate prices and control reimbursement rates.",text,other,49,62 Healthcare and Social Assistance in the US Industry Report.pdf,Buyer power significantly influences industry profitability and competitive dynamics.
How is supplier power described in the Healthcare and Social Assistance industry in the US?,Supplier power is characterized as 'Switching costs' and is rated as 'Moderate' to 'Steady'.,text,other,49,62 Healthcare and Social Assistance in the US Industry Report.pdf,Supplier power is a critical factor in understanding industry cost structures and potential profit margins.
How do pharmaceutical companies influence pricing in the healthcare industry?,"Pharmaceutical companies have significant bargaining power over healthcare providers and payers, as they can set prices for drugs and treatments.",text,other,50,62 Healthcare and Social Assistance in the US Industry Report.pdf,Understanding bargaining power dynamics is crucial for assessing market competition and potential profitability in the healthcare industry.
What factors allow certain healthcare providers to charge higher prices?,Healthcare providers with a strong reputation or specialized expertise can charge higher service prices and negotiate better terms with insurance companies and employers.,text,other,50,62 Healthcare and Social Assistance in the US Industry Report.pdf,Analyzing factors affecting service pricing is essential for evaluating market positioning and revenue potential of healthcare providers.
How do medical device and equipment manufacturers impact the healthcare market?,"Medical device and equipment manufacturers provide essential and life-saving equipment, which increases buyer power in the healthcare industry.",text,other,50,62 Healthcare and Social Assistance in the US Industry Report.pdf,Assessing the role of medical device manufacturers helps in understanding supply chain dynamics and technological trends in the healthcare sector.
What is the supplier power dynamic for medical consumables in the healthcare industry?,"Supplier power is lower for wholesalers providing medical consumables (gloves, masks), as providers can easily switch suppliers for the best price.",text,other,50,62 Healthcare and Social Assistance in the US Industry Report.pdf,Understanding supplier dynamics for medical consumables is important for analyzing cost structures and supply chain efficiencies in healthcare.
What is the maximum market share held by any single company in the Healthcare and Social Assistance sector in the US?,No company holds more than 5.0% of the market share in the Healthcare and Social Assistance sector.,text,numeric,52,62 Healthcare and Social Assistance in the US Industry Report.pdf,Understanding market structure and competitive dynamics is crucial for assessing industry opportunities and challenges.
What is described as a defining trait of the Healthcare and Social Assistance sector in the US?,Consolidation activity is described as a defining trait of the Healthcare and Social Assistance sector.,text,other,52,62 Healthcare and Social Assistance in the US Industry Report.pdf,Identifying key industry trends helps analysts forecast future market developments and strategic moves by companies.
What percentage of the Healthcare and Social Assistance industry in the US is dominated by 'Other Companies'?,98% of the industry market share is held by 'Other Companies'.,plot,numeric,53,62 Healthcare and Social Assistance in the US Industry Report.pdf,Understanding market concentration is crucial for assessing competitive dynamics and potential entry barriers in the Healthcare and Social Assistance industry.
How fragmented is the Healthcare and Social Assistance industry in the US based on the market share distribution?,"The industry appears highly fragmented, with 98% of the market share distributed among 'Other Companies', indicating a lack of dominant players.",plot,other,53,62 Healthcare and Social Assistance in the US Industry Report.pdf,Analyzing market fragmentation helps in identifying potential opportunities or challenges for market players in the Healthcare and Social Assistance sector.
Which company has the largest market share in the US Healthcare and Social Assistance industry according to the data?,"Hca Healthcare, Inc. has the largest market share at 1.5%.",table,numeric,54,62 Healthcare and Social Assistance in the US Industry Report.pdf,Market share is a crucial indicator of a company's competitive position and industry dominance.
What is the highest revenue among the companies listed in the US Healthcare and Social Assistance industry?,"The highest revenue is $52,649.0 million, generated by Hca Healthcare, Inc.",table,numeric,54,62 Healthcare and Social Assistance in the US Industry Report.pdf,Revenue figures are essential for understanding the size and economic impact of key players in the industry.
Which company in the US Healthcare and Social Assistance industry has the highest profit margin?,Quest Diagnostics Inc. has the highest profit margin at 23.8%.,table,numeric,54,62 Healthcare and Social Assistance in the US Industry Report.pdf,Profit margins indicate the financial health and efficiency of companies in the industry.
Are there any companies in the US Healthcare and Social Assistance industry operating at a loss based on the provided data?,"Yes, Brookdale Senior Living Inc. is operating at a loss with a profit of -$174.2 million and a profit margin of -5.3%.",table,other,54,62 Healthcare and Social Assistance in the US Industry Report.pdf,Understanding which companies are operating at a loss is important for assessing industry challenges and risks.
What are the projected revenue and profit figures for the Healthcare and Social Assistance industry in the US for 2024?,The projected industry revenue for 2024 is $52.6bn and the projected industry profit is $6.6bn.,text,numeric,55,62 Healthcare and Social Assistance in the US Industry Report.pdf,Understanding the industry's size and financial performance is crucial for market analysis.
How many employees are expected to be working in the Healthcare and Social Assistance industry in the US by 2024?,"The total number of employees projected for 2024 is 290,000.",text,numeric,55,62 Healthcare and Social Assistance in the US Industry Report.pdf,Employment figures provide insight into the industry's scale and economic impact.
"What is Hca Healthcare, Inc.'s projected market share in the Healthcare and Social Assistance industry for 2024?","Hca Healthcare, Inc.'s projected market share for 2024 is 1.5%.",text,numeric,55,62 Healthcare and Social Assistance in the US Industry Report.pdf,Market share is a key indicator of a company's competitive position within the industry.
"In which industries does Hca Healthcare, Inc. have a notable market share in the US?","Hca Healthcare, Inc. has a notable market share in at least three industries: Healthcare and Social Assistance, Hospitals, and Ambulatory Surgery Centers.",text,other,55,62 Healthcare and Social Assistance in the US Industry Report.pdf,Understanding the company's diversification across related industries is important for assessing its market positioning.
"How has Hca Healthcare, Inc.'s industry revenue and market share changed from 2008 to 2014?","The industry revenue increased from $20,382 million in 2008 to $30,366 million in 2014, while the market share grew from 1.1% to 1.4% during the same period.",table,numeric,55,62 Healthcare and Social Assistance in the US Industry Report.pdf,Analyzing historical financial data helps in understanding industry trends and company performance over time.
What is the projected value for the US Healthcare and Social Assistance industry in 2024?,The projected value for the US Healthcare and Social Assistance industry in 2024 is 52649.,table,numeric,56,62 Healthcare and Social Assistance in the US Industry Report.pdf,Understanding the industry's growth trajectory is crucial for market analysis and forecasting.
In which year did the US Healthcare and Social Assistance industry experience its highest growth rate?,"The highest growth rate was in 2016, with a value increase from 35408 to 41490.",table,other,56,62 Healthcare and Social Assistance in the US Industry Report.pdf,Identifying peak growth periods helps in understanding market dynamics and potential investment opportunities.
How has the value of the US Healthcare and Social Assistance industry changed from 2020 to 2023?,"The value increased from 51533 in 2020 to 52649 in 2023, and has remained stable at 52649 from 2021 to 2023.",table,numeric,56,62 Healthcare and Social Assistance in the US Industry Report.pdf,Analyzing recent trends is essential for understanding the current state of the industry and making short-term predictions.
What is Quest Diagnostics Inc.'s market share in the Healthcare and Social Assistance industry in the US for 2024?,Quest Diagnostics Inc.'s market share in the Healthcare and Social Assistance industry in the US for 2024 is 0.3%.,text,numeric,57,62 Healthcare and Social Assistance in the US Industry Report.pdf,Understanding Quest Diagnostics' market position is crucial for assessing competition and market dynamics in the US healthcare industry.
What is the projected industry revenue for Quest Diagnostics Inc. in 2024?,The projected industry revenue for Quest Diagnostics Inc. in 2024 is $10.3bn.,text,numeric,57,62 Healthcare and Social Assistance in the US Industry Report.pdf,"Revenue figures are essential for gauging the size and growth of the industry, which is critical for market analysis."
What are the main brands and trading names associated with Quest Diagnostics Inc.?,"The main brands and trading names associated with Quest Diagnostics Inc. are AmeriPath, Dermpath Diagnostics, ExamOne, Quanum, and Quest Diagnostics.",text,other,57,62 Healthcare and Social Assistance in the US Industry Report.pdf,Identifying key players and their brands is important for understanding market structure and competitive landscape.
In which other industries does Quest Diagnostics Inc. operate within the US healthcare sector?,"Quest Diagnostics Inc. operates in Clinical Trial Support Services, Diagnostic & Medical Laboratories, and Toxicology Laboratories in the US healthcare sector.",text,other,57,62 Healthcare and Social Assistance in the US Industry Report.pdf,Understanding the company's diversification across different healthcare sectors is crucial for assessing its market strategy and potential growth areas.
How has Quest Diagnostics Inc.'s industry revenue changed from 2008 to 2013?,"Quest Diagnostics Inc.'s industry revenue increased from $5253 million in 2008 to $6237 million in 2013, showing steady growth over the period.",table,numeric,57,62 Healthcare and Social Assistance in the US Industry Report.pdf,Analyzing historical revenue trends is vital for understanding the company's growth trajectory and market performance over time.
What is the projected market size for Healthcare and Social Assistance in the US for 2024?,The projected market size for Healthcare and Social Assistance in the US for 2024 is 10335.,table,numeric,58,62 Healthcare and Social Assistance in the US Industry Report.pdf,Understanding the market size and growth trends is crucial for assessing industry potential and opportunities.
How has Quest Diagnostics' COVID-19 testing capability evolved since 2020?,"Since introducing COVID-19 tests in March 2020, Quest Diagnostics has performed about 65.0 million COVID-19 molecular diagnostic tests, expanded from a single laboratory to two dozen labs throughout the US, received 20 emergency use authorizations from the FDA, developed advanced testing capabilities, and collaborated with the CDC and other entities to identify COVID-19 variants.",text,other,58,62 Healthcare and Social Assistance in the US Industry Report.pdf,Analyzing significant events or milestones helps in understanding market dynamics and potential growth areas.
What recent acquisition has Quest Diagnostics made in the patient engagement sector?,"In 2022, Quest Diagnostics entered into an agreement to purchase Pack Health, a patient-engagement company that helps individuals adopt healthier behaviors and specializes in addressing chronic health conditions and comorbidities affected by mental health, lifestyle behavior, access to care and social determinants of health.",text,other,58,62 Healthcare and Social Assistance in the US Industry Report.pdf,Acquisitions and strategic moves by major players indicate industry trends and potential market shifts.
What are the key practices related to LGBTQ+ workplace equality in the US healthcare and social assistance industry?,"The image mentions practices related to LGBTQ+ workplace equality, but does not provide specific details about these practices.",text,other,59,62 Healthcare and Social Assistance in the US Industry Report.pdf,"Understanding LGBTQ+ workplace equality practices is crucial for assessing industry trends, employee satisfaction, and potential regulatory impacts in healthcare and social assistance."
What is the projected revenue for Feeding America in 2024?,The projected revenue for Feeding America in 2024 is $3.4bn.,text,numeric,60,62 Healthcare and Social Assistance in the US Industry Report.pdf,Understanding revenue trends is crucial for assessing the company's market position and growth potential in the Healthcare and Social Assistance industry.
How has Feeding America's profit margin changed from 2016 to 2024?,Feeding America's profit margin has increased significantly from 0.5% in 2016 to 8.5% in 2024.,table,other,60,62 Healthcare and Social Assistance in the US Industry Report.pdf,Profit margins are key indicators of a company's financial health and operational efficiency in the industry.
What is Feeding America's market share in the Healthcare and Social Assistance industry in 2024?,Feeding America's market share in the Healthcare and Social Assistance industry in 2024 is 0.1%.,text,numeric,60,62 Healthcare and Social Assistance in the US Industry Report.pdf,Market share is a critical metric for understanding a company's competitive position within the industry.
In which industries does Feeding America have a notable market share besides Healthcare and Social Assistance?,"Feeding America has a notable market share in Community Food Services, Natural Disaster & Emergency Relief Services, and Healthcare and Social Assistance industries.",text,other,60,62 Healthcare and Social Assistance in the US Industry Report.pdf,Understanding a company's diversification across related industries provides insights into its overall market strategy and growth opportunities.
What was the percentage increase in private donations received by Feeding America?,Feeding America received a 19.0% increase in private donations.,text,numeric,61,62 Healthcare and Social Assistance in the US Industry Report.pdf,Understanding funding trends is crucial for assessing the financial health and growth potential of social assistance organizations.
What is Feeding America's efficiency rating?,Feeding America has a 99.0% efficiency rating.,text,numeric,61,62 Healthcare and Social Assistance in the US Industry Report.pdf,"Efficiency ratings are key indicators of an organization's effectiveness in utilizing resources, which is important for market analysis."
How much is Feeding America investing to fight food insecurity?,Feeding America is investing $1.0 billion to fight food insecurity.,text,numeric,61,62 Healthcare and Social Assistance in the US Industry Report.pdf,Investment figures provide insight into the scale of operations and commitment to addressing social issues in the industry.
How much did Feeding America raise since the start of the COVID-19 pandemic?,Feeding America reported that it had raised nearly $1.0 billion since the start of the COVID-19 (coronavirus) pandemic.,text,numeric,61,62 Healthcare and Social Assistance in the US Industry Report.pdf,Understanding the impact of major events like the COVID-19 pandemic on fundraising is crucial for analyzing market trends and resilience.
What is the projected revenue and profit for Brookdale Senior Living Inc. in 2024?,"The projected revenue for Brookdale Senior Living Inc. in 2024 is $3.3bn, with a projected loss of $174.2m.",text,numeric,62,62 Healthcare and Social Assistance in the US Industry Report.pdf,Understanding the financial performance of a major player provides crucial insights into the industry's overall health and profitability.
What is Brookdale Senior Living Inc.'s market share in the Healthcare and Social Assistance industry for 2024?,Brookdale Senior Living Inc.'s market share in the Healthcare and Social Assistance industry for 2024 is projected to be 0.1%.,text,numeric,62,62 Healthcare and Social Assistance in the US Industry Report.pdf,Market share is a key indicator of a company's competitive position and industry concentration.
How has Brookdale Senior Living Inc.'s industry revenue changed from 2008 to 2022?,"Brookdale Senior Living Inc.'s industry revenue increased from $3624 million in 2008 to $4977 million in 2016, then decreased to $3276 million in 2022.",table,other,62,62 Healthcare and Social Assistance in the US Industry Report.pdf,Analyzing revenue trends over time helps identify industry growth patterns and potential market shifts.
What trend can be observed in Brookdale Senior Living Inc.'s profit margin from 2008 to 2022?,"Brookdale Senior Living Inc.'s profit margin remained stable at -0.6% from 2008 to 2016, then fluctuated with a significant drop to -13.1% in 2018, before improving to -5.3% in 2022.",table,other,62,62 Healthcare and Social Assistance in the US Industry Report.pdf,"Profit margin trends indicate the financial health and efficiency of the company over time, which can reflect broader industry challenges or opportunities."
How has COVID-19 affected Brookdale Senior Living Inc.'s operations in 2022?,"As of January 2022, nearly all Brookdale communities are open for new resident move-ins, and the resident vaccine acceptance rate has surpassed 95.0% as of 2022.",text,other,63,62 Healthcare and Social Assistance in the US Industry Report.pdf,Understanding COVID-19's ongoing impact is crucial for assessing current and future market conditions in the senior living sector.
What recent expansion or renovation has Brookdale Senior Living undertaken?,"In 2022, Brookdale Senior Living announced the reopening of the Brookdale Galleria, a Houston senior living facility, following a $12.0 million renovation.",text,numeric,63,62 Healthcare and Social Assistance in the US Industry Report.pdf,"Facility renovations and reopenings indicate market growth and investment, which are key indicators for industry analysis."
How is Brookdale Senior Living expanding its memory care and Alzheimer's treatment programs?,"In 2021, Brookdale opened several memory care and dementia care additions, including a $12.0 million memory care program at Brookdale Vernon Hills and a $7.5 million Alzheimer's and dementia care community at Brookdale Jackson Oaks.",text,numeric,63,62 Healthcare and Social Assistance in the US Industry Report.pdf,Investments in specialized care programs reflect industry trends and potential growth areas in the senior living market.
What is the projected industry revenue for Fresenius Kabi AG in 2024?,The projected industry revenue for Fresenius Kabi AG in 2024 is $677.5m.,text,numeric,64,62 Healthcare and Social Assistance in the US Industry Report.pdf,Understanding revenue trends is crucial for assessing the company's market position and growth trajectory in the Healthcare and Social Assistance industry.
How many total employees is Fresenius Kabi AG expected to have in 2024?,"Fresenius Kabi AG is expected to have 42,063 total employees in 2024.",text,numeric,64,62 Healthcare and Social Assistance in the US Industry Report.pdf,Employee count is a key indicator of company size and operational capacity within the industry.
How has Fresenius Kabi AG's industry revenue changed from 2016 to 2024?,Fresenius Kabi AG's industry revenue increased from $155 million in 2016 to $678 million in 2024.,table,other,64,62 Healthcare and Social Assistance in the US Industry Report.pdf,Analyzing revenue trends over time provides insights into the company's growth and market performance.
What has been the trend in Fresenius Kabi AG's profit margin from 2016 to 2024?,Fresenius Kabi AG's profit margin has remained constant at 10.2% from 2016 to 2024.,table,numeric,64,62 Healthcare and Social Assistance in the US Industry Report.pdf,Profit margin is a critical metric for assessing a company's financial health and operational efficiency.
What are the main external factors influencing the Healthcare and Social Assistance industry?,"The main external factors influencing the Healthcare and Social Assistance industry are demographic, economic, and regulatory factors.",text,other,66,62 Healthcare and Social Assistance in the US Industry Report.pdf,Understanding the key external factors affecting an industry is crucial for market research as it helps identify opportunities and threats.
How regulated is the healthcare and social assistance sector in the US?,"Healthcare and social assistance facilities operate within one of the most regulated environments. A dizzying amount of federal, state and local laws apply in this sector, enforced by multiple agencies and regulators.",text,other,67,62 Healthcare and Social Assistance in the US Industry Report.pdf,Understanding the regulatory environment is crucial for assessing market entry barriers and compliance costs in the healthcare industry.
What financial challenges have healthcare providers recently faced?,"Healthcare providers received over $200.0 billion to ease pandemic-related financial and operational pressures. However, since pandemic relief fizzled out, healthcare facilities have faced unprecedented financial strain.",text,numeric,67,62 Healthcare and Social Assistance in the US Industry Report.pdf,"Financial pressures can significantly impact industry operations and investment, making this information vital for market analysis."
What is the projected growth in the number of people with private health insurance for 2024?,The growth in the number of people with private health insurance is projected to be 0.59 for 2024.,plot,numeric,67,62 Healthcare and Social Assistance in the US Industry Report.pdf,"The trend in private health insurance coverage directly impacts healthcare service demand and provider revenues, crucial for market forecasting."
What is the projected growth rate for federal funding of Medicare and Medicaid in 2024?,The projected growth rate for federal funding of Medicare and Medicaid in 2024 is 0.99.,plot,numeric,68,62 Healthcare and Social Assistance in the US Industry Report.pdf,Understanding federal funding trends is crucial for forecasting the healthcare industry's financial landscape and potential market opportunities.
What are major sources of revenue for healthcare providers in the US?,Reimbursements from Medicaid and Medicare are a major source of revenue for healthcare providers.,text,other,68,62 Healthcare and Social Assistance in the US Industry Report.pdf,Identifying major revenue sources helps in assessing market dynamics and potential areas for business growth in the healthcare sector.
How do Medicaid and Medicare coverage rates affect access to healthcare services?,"Higher coverage rates lower out-of-pocket costs for patients, increasing access to healthcare services.",text,other,68,62 Healthcare and Social Assistance in the US Industry Report.pdf,Understanding the impact of coverage rates on healthcare access is essential for analyzing market demand and potential service gaps.
Which age group is a main driver behind rising healthcare spending in the US?,"Adults 65 and older are a main driver behind rising healthcare spending, as this age group requires more frequent, high-cost services.",text,other,68,62 Healthcare and Social Assistance in the US Industry Report.pdf,Identifying key demographic drivers of healthcare spending is crucial for market segmentation and targeting strategies.
What are the major regulations impacting the US healthcare and social assistance industry?,"The major regulations include the Certificate of Need (CON), Antikickback Statute and Physician Self-Referral Laws, Health Insurance Portability and Accountability Act (HIPAA), The HITECH Act, Centers for Medicare and Medicaid Services provisions, and The No Surprises Act.",text,other,69,62 Healthcare and Social Assistance in the US Industry Report.pdf,Understanding key regulations is crucial for assessing market entry barriers and compliance costs in the healthcare industry.
How does HIPAA affect healthcare providers in the US?,"HIPAA requires all healthcare providers, including mental health and substance abuse clinics, to comply with controls on the use of patient health data, including how it is stored, shared, or sent.",text,other,69,62 Healthcare and Social Assistance in the US Industry Report.pdf,Data protection regulations significantly impact healthcare operations and technology investments.
What recent regulation has been implemented to protect patients from unexpected medical bills?,"The No Surprises Act (NSA) was implemented on January 1, 2022, establishing new federal protections against surprise medical bills for emergency services, nonemergency services from out-of-network providers at in-network facilities, and services from out-of-network air ambulance service providers.",text,other,69,62 Healthcare and Social Assistance in the US Industry Report.pdf,Recent legislative changes can have significant impacts on industry practices and revenue streams.
What are the key regulatory bodies overseeing COVID-19 regulations in the US healthcare industry?,"The Centers for Disease Control and Prevention (CDC), the Occupational Safety and Health Administration (OSHA), and the United States Department of Health and Human Services (HHS) are the key regulatory bodies determining and mandating COVID-19 regulations in the US healthcare industry.",text,other,70,62 Healthcare and Social Assistance in the US Industry Report.pdf,Understanding the regulatory landscape is crucial for assessing market constraints and compliance requirements in the healthcare industry.
How widespread are the COVID-19 regulations in the US healthcare sector?,All healthcare industries are subject to various regulations and protocols to mitigate and monitor the spread of COVID-19 and its variants to prevent future outbreaks.,text,other,70,62 Healthcare and Social Assistance in the US Industry Report.pdf,Identifying the scope of regulations helps in understanding the potential impact on different segments of the healthcare market.
Is there uniformity in COVID-19 regulations across all US states for the healthcare industry?,"No, exact regulation can vary from state to state.",text,other,70,62 Healthcare and Social Assistance in the US Industry Report.pdf,Understanding regional variations in regulations is important for businesses operating across multiple states.
How much federal funding did healthcare facilities receive during the COVID-19 pandemic?,"Healthcare facilities were allocated over $100.0 billion from the Coronavirus Aid, Relief and Economic Security (CARES) Act and $75.0 billion from the Paycheck Protection Program.",text,numeric,71,62 Healthcare and Social Assistance in the US Industry Report.pdf,Understanding COVID-19 financial support is crucial for assessing the industry's recent financial landscape and potential future funding patterns.
What is the scope of the American Hospital Association's membership?,"The American Hospital Association (AHA) comprises over 5,000 hospitals, health care systems, networks and 43,000 individual members.",text,numeric,71,62 Healthcare and Social Assistance in the US Industry Report.pdf,Knowledge of major industry associations helps in understanding the scale and representation of the healthcare sector.
What are the main sources of funding for healthcare facilities in the US?,"The main sources include reimbursements from the Centers for Medicare and Medicaid Services (CMS), federal support programs like those during COVID-19, and direct funding or funding that promotes access from the federal government.",text,other,71,62 Healthcare and Social Assistance in the US Industry Report.pdf,Identifying key funding sources is essential for understanding the financial dynamics of the healthcare industry.
What is the profit margin for the Healthcare and Social Assistance industry in the US?,The profit margin for the Healthcare and Social Assistance industry in the US is 10.0%.,text,numeric,73,62 Healthcare and Social Assistance in the US Industry Report.pdf,Understanding profit margins is crucial for assessing industry profitability and financial health.
What is the average wage in the Healthcare and Social Assistance sector?,"The average wage in the Healthcare and Social Assistance sector is $59,582.",text,numeric,73,62 Healthcare and Social Assistance in the US Industry Report.pdf,"Labor costs are a significant factor in this industry, impacting overall expenses and profitability."
What is the largest cost component in the Healthcare and Social Assistance industry?,"The largest cost component in the Healthcare and Social Assistance industry is Wages, accounting for 40.1% of Revenue.",text,numeric,73,62 Healthcare and Social Assistance in the US Industry Report.pdf,Understanding the largest cost component helps in analyzing the industry's cost structure and potential areas for optimization.
What are the main cost challenges facing the Healthcare and Social Assistance sector in the US?,"Rising labor, supply, and drug costs characterize the Healthcare and Social Assistance sector. Providers are contending with unprecedented financial challenges across the board.",text,other,73,62 Healthcare and Social Assistance in the US Industry Report.pdf,Identifying key challenges facing the industry is crucial for understanding market dynamics and future trends.
What is the current state of labor supply in the Healthcare and Social Assistance sector?,Labor shortages across this sector persist and are pressuring wage growth. Staffing shortages in the Healthcare and Social Assistance sector predate the pandemic and were made worse as the nation's health and social assistance systems dealt with the onset of COVID-19.,text,other,73,62 Healthcare and Social Assistance in the US Industry Report.pdf,"Labor market conditions significantly impact this industry, affecting service delivery and financial performance."
What are the main factors contributing to labor shortages in the healthcare sector?,"Labor shortages are driven by complex reasons varying between settings, exacerbated by the pandemic which led to burnout and career changes among healthcare workers. Shortages of new workers and high turnover rates of existing workers are also contributing factors.",text,other,74,62 Healthcare and Social Assistance in the US Industry Report.pdf,Understanding labor shortages is crucial for assessing industry costs and operational challenges.
How have financial pressures affected profits for healthcare and social assistance providers?,"Financial pressures have eroded profits. While pandemic relief funding kept providers profitable in 2020-2021, a drop-off in funding in 2022 strained providers as costs continued rising. High inflation, rising wages, and increasing operating costs are expected to pressure profits in 2024.",text,other,74,62 Healthcare and Social Assistance in the US Industry Report.pdf,Profit trends are essential for evaluating the financial health and sustainability of the industry.
What was the trend in revenue per enterprise for the healthcare and social assistance industry between 2005 and 2008?,The revenue per enterprise increased slightly from $1.0 million in 2005 to $1.1 million in 2008.,table,numeric,74,62 Healthcare and Social Assistance in the US Industry Report.pdf,Revenue trends are key indicators of industry growth and financial performance.
What is the projected growth trend for the US Healthcare and Social Assistance industry from 2024 to 2030?,"The industry is projected to grow steadily, with revenue increasing from $148,559 million in 2024 to $151,328 million in 2030.",table,numeric,75,62 Healthcare and Social Assistance in the US Industry Report.pdf,Understanding the industry's growth trajectory is crucial for market analysts to assess its potential and future prospects.
In which year does the US Healthcare and Social Assistance industry reach its highest revenue according to the data?,"The industry reaches its highest revenue of $158,275 million in 2021.",table,numeric,75,62 Healthcare and Social Assistance in the US Industry Report.pdf,Identifying peak revenue years helps analysts understand market dynamics and potential cyclical patterns.
How has the revenue of the US Healthcare and Social Assistance industry changed from 2009 to 2023?,"The industry revenue has grown from $136,753 million in 2009 to $149,090 million in 2023, showing an overall increase despite some fluctuations.",table,numeric,75,62 Healthcare and Social Assistance in the US Industry Report.pdf,Long-term industry trends provide insights into overall market health and potential investment opportunities.
What is the projected revenue for the US Healthcare and Social Assistance industry in 2030?,"The projected revenue for the US Healthcare and Social Assistance industry in 2030 is $4,146,094.8 million.",table,numeric,77,62 Healthcare and Social Assistance in the US Industry Report.pdf,Understanding revenue growth is crucial for assessing the industry's overall economic health and market potential.
How many people are expected to be employed in the US Healthcare and Social Assistance industry by 2030?,"By 2030, 27,398,086 people are expected to be employed in the US Healthcare and Social Assistance industry.",table,numeric,77,62 Healthcare and Social Assistance in the US Industry Report.pdf,Employment figures are essential for understanding the industry's workforce dynamics and job market trends.
What is the projected number of Healthcare and Social Assistance establishments in the US for 2030?,"The projected number of Healthcare and Social Assistance establishments in the US for 2030 is 3,597,535.",table,numeric,77,62 Healthcare and Social Assistance in the US Industry Report.pdf,The number of establishments indicates market saturation and potential for new entrants in the industry.
What are the projected wages for the US Healthcare and Social Assistance industry in 2030?,"The projected wages for the US Healthcare and Social Assistance industry in 2030 are $1,638,488.7 million.",table,numeric,77,62 Healthcare and Social Assistance in the US Industry Report.pdf,Wage data is critical for understanding labor costs and employee compensation trends in the industry.
What was the highest annual revenue growth rate for the Healthcare and Social Assistance industry in the US between 2006 and 2030?,The highest annual revenue growth rate was 4.9% in 2021.,table,numeric,79,62 Healthcare and Social Assistance in the US Industry Report.pdf,Understanding revenue trends is crucial for assessing the overall health and growth of the Healthcare and Social Assistance industry.
"How did employment in the Healthcare and Social Assistance industry change in 2021, and how does this compare to other years?","Employment decreased by 2.0% in 2021, which is the only negative employment growth in the entire dataset.",table,numeric,79,62 Healthcare and Social Assistance in the US Industry Report.pdf,Employment trends provide insight into the industry's workforce dynamics and potential labor market challenges.
In which year did the Healthcare and Social Assistance industry experience the largest divergence between revenue growth and establishment growth?,"In 2010, revenue grew by 2.3% while establishments grew by 3.0%, showing a 0.7 percentage point difference.",table,numeric,79,62 Healthcare and Social Assistance in the US Industry Report.pdf,Understanding the relationship between revenue and establishment growth can indicate industry consolidation or fragmentation trends.
What was the highest annual wage growth rate in the Healthcare and Social Assistance industry between 2006 and 2030?,The highest annual wage growth rate was 4.3% in 2015.,table,numeric,79,62 Healthcare and Social Assistance in the US Industry Report.pdf,Wage growth trends are important for understanding labor costs and potential impacts on profitability in the industry.
